complexity,length,reward,rmse,r2,expression,expression_prefix
4,4,0.7414381504058838,0.33844262386694157,0.878387271016511,(sin(x)+x),[add sin x x]
5,5,0.7590135335922241,0.30813332497943957,0.8991940265066385,(sin(x)+sin(x)),[add sin x sin x]
12,12,0.8572022914886475,0.16167149387822527,0.9722491793919923,((sin(x)/x)-(cos((((x)**(0.5))+x))-x)),[sub div sin x x sub cos add sqrt x x x]
15,15,0.8970293998718262,0.11140433820013985,0.9868231035379413,(x+(((x)**(0.5))*sin(((((((((((x)**(0.5)))**(0.5)))**(0.5)))**(0.5))+x)*x)))),[add x mul sqrt x sin mul add sqrt sqrt sqrt sqrt x x x]
16,16,0.92696213722229,0.07646832855648213,0.9937917081846905,(sin((((x*((x+((x)**(0.5)))/((x)**(0.5))))*x)/x))+x),[add sin div mul mul x div add x sqrt x sqrt x x x x]
18,18,0.9411711096763611,0.06066212299046807,0.9960929934631992,(sin((((((((((((((x)**(0.5)))**(0.5))*x))**(0.5))*x)*x)*x))**(0.5))+x))+x),[add sin add sqrt mul mul mul sqrt mul sqrt sqrt x x x x x x x]
19,19,0.9428346157073975,0.058842774857399915,0.9963238331316253,(sin(((((((((((((((((x+((x)**(0.5))))**(0.5))+x))**(0.5)))**(0.5)))**(0.5)))**(0.5)))**(0.5))+x)*x))+x),[add sin mul add sqrt sqrt sqrt sqrt sqrt add sqrt add x sqrt x x x x x]
20,20,0.9622460603713989,0.03807778449867139,0.9984605972052694,(sin((((((((((((x*x)*x)+x)/x))**(0.5)))**(0.5))*x)*x)+x))+x),[add sin add mul mul sqrt sqrt div add mul mul x x x x x x x x x]
21,21,0.9792054295539856,0.02060970032447557,0.9995490251930741,(sin(x)+sin((((((((((((x*(((x*x)/x)+x)))**(0.5)))**(0.5)))**(0.5)))**(0.5))+x)*x))),[add sin x sin mul add sqrt sqrt sqrt sqrt mul x add div mul x x x x x x]
